,City,Cloudiness,Country,Date,Humidity,Lat,Lng,Max Temp,Wind Speed
0,Cape Town,0,ZA,1608171107,82,-33.93,18.42,66.0,11.41
1,Chagoda,100,RU,1608171126,96,59.16,35.33,34.38,8.1
2,Vinh,95,VN,1608170874,70,18.67,105.67,58.46,7.72
3,Tuktoyaktuk,20,CA,1608171127,74,69.45,-133.04,-25.6,3.36
4,Badalona,0,ES,1608171127,77,41.45,2.25,54.0,1.99
5,Chokurdakh,83,RU,1608171127,90,70.63,147.92,-11.52,8.77
6,George Town,20,MY,1608171125,94,5.41,100.34,80.6,3.36
7,Khani,90,GE,1608171127,93,41.96,42.96,48.2,12.75
8,Nikolskoye,90,RU,1608171127,94,59.7,30.79,37.4,20.13
9,Maracás,88,BR,1608171127,99,-13.44,-40.43,61.23,5.84
10,Gandia,71,ES,1608171127,8,38.97,-0.18,52.0,1.99
11,Mayo,90,US,1608171128,100,38.89,-76.51,37.4,10.29
12,Khatanga,0,RU,1608171128,81,71.97,102.5,-33.2,3.22
13,Busselton,0,AU,1608171128,59,-33.65,115.33,69.01,3.0
14,Barrow,1,US,1608171128,76,71.29,-156.79,-7.6,23.04
15,Longyearbyen,90,SJ,1608171128,72,78.22,15.64,10.4,13.87
16,Hong Kong,42,HK,1608170885,76,22.29,114.16,57.99,8.21
17,Srednekolymsk,96,RU,1608171128,88,67.45,153.68,-17.88,10.18
18,Hermanus,100,ZA,1608171067,85,-34.42,19.23,64.0,1.01
19,Esperance,90,AU,1608171096,52,-33.87,121.9,66.2,9.17
20,Cayenne,0,GF,1608171129,94,4.93,-52.33,75.2,3.36
21,Broome,90,US,1608171127,85,42.25,-75.83,21.0,11.41
22,Bethel,100,US,1608171065,92,41.37,-73.41,21.99,12.75
23,Cherskiy,97,RU,1608171129,87,68.75,161.3,-20.61,4.34
24,Pauini,2,BR,1608171129,84,-7.71,-66.98,73.2,0.51
25,Gashua,9,NG,1608171129,27,12.87,11.05,65.03,8.93
26,Atuona,15,PF,1608171130,78,-9.8,-139.03,78.6,20.49
27,Gold Coast,75,AU,1608171130,94,-28.0,153.43,77.0,11.41
28,Taoudenni,0,ML,1608171130,27,22.68,-3.98,63.57,5.46
29,Lewisburg,90,US,1608171130,86,35.45,-86.79,35.6,3.36
30,Mawlaik,0,MM,1608171130,66,23.63,94.42,67.37,1.72
31,Pevek,61,RU,1608171130,91,69.7,170.31,8.37,4.81
32,Albany,90,US,1608171027,66,42.6,-73.97,18.0,9.17
33,Bluff,0,NZ,1608171131,63,-46.6,168.33,60.01,5.99
34,Butaritari,82,KI,1608171070,78,3.07,172.79,82.17,19.33
35,Pozo Colorado,11,PY,1608171131,92,-23.49,-58.8,74.43,5.68
36,Ushuaia,40,AR,1608171075,81,-54.8,-68.3,42.8,28.86
37,Touros,40,BR,1608171091,83,-5.2,-35.46,80.6,8.05
38,Sveio,100,NO,1608171131,87,59.54,5.35,46.99,21.92
39,Vilyuysk,95,RU,1608171131,84,63.76,121.62,-30.96,1.86
40,Mataura,20,NZ,1608171073,63,-46.19,168.86,60.01,5.99
41,Ahipara,0,NZ,1608171132,58,-35.17,173.17,68.7,10.45
42,East London,0,ZA,1608171132,82,-33.02,27.91,66.7,5.48
43,Vaini,75,TO,1608171132,74,-21.2,-175.2,80.6,9.17
44,Ierapetra,60,GR,1608171132,69,35.01,25.74,59.0,10.02
45,Rikitea,2,PF,1608171132,73,-23.12,-134.97,77.56,10.6
46,Majene,95,ID,1608171132,66,-3.54,118.97,85.5,4.68
47,Mar del Plata,0,AR,1608170847,49,-38.0,-57.56,68.0,5.82
48,Tongliao,0,CN,1608171133,88,43.61,122.27,7.27,8.01
49,Bagdarin,3,RU,1608171133,78,54.43,113.6,-8.41,6.46
50,Puerto Ayora,19,EC,1608171133,92,-0.74,-90.35,72.0,1.01
51,Alice,1,US,1608171133,39,27.75,-98.07,51.8,5.82
52,Ponta do Sol,40,PT,1608171133,67,32.67,-17.1,62.6,4.7
53,Chui,0,UY,1608171005,92,-33.7,-53.46,62.24,6.76
54,Kapaa,75,US,1608171133,74,22.08,-159.32,80.6,14.99
55,Upernavik,83,GL,1608171069,84,72.79,-56.15,16.2,3.8
56,Saint-Philippe,90,RE,1608171100,64,-21.36,55.77,75.2,4.7
57,Hithadhoo,13,MV,1608171134,71,-0.6,73.08,81.72,10.13
58,Arraial do Cabo,34,BR,1608171134,89,-22.97,-42.03,75.47,21.54
59,Carutapera,29,BR,1608170916,83,-1.2,-46.02,78.42,5.7
60,Paraíso,20,CR,1608171134,77,9.84,-83.87,69.8,2.24
61,Sinnamary,100,GF,1608171134,85,5.38,-52.95,78.49,9.84
62,Codrington,99,AU,1608171134,84,-38.27,141.97,65.01,11.05
63,Yermolayevo,100,RU,1608171135,98,52.72,55.8,20.12,12.44
64,Hofn,100,IS,1608171135,89,64.25,-15.21,39.31,18.19
65,San Jose,90,US,1608171094,58,37.34,-121.89,57.2,4.7
66,Arman',100,RU,1608171135,84,59.7,150.17,-3.68,16.02
67,Turangi,0,NZ,1608171135,37,-39.0,175.93,82.99,4.0
68,Ribeira Grande,100,PT,1608171101,89,38.52,-28.7,63.91,22.95
69,Bredasdorp,100,ZA,1608171135,72,-34.53,20.04,64.4,3.36
70,Severo-Kuril'sk,98,RU,1608171135,88,50.68,156.12,31.73,9.84
71,Thompson,40,CA,1608170877,76,55.74,-97.86,-9.4,5.82
72,Mogoytuy,5,RU,1608171136,82,51.28,114.92,1.2,21.5
73,Christchurch,94,NZ,1608171082,72,-43.53,172.63,61.0,6.93
74,Tuatapere,80,NZ,1608171097,63,-46.13,167.68,60.01,5.99
75,Narsaq,100,GL,1608171136,38,60.92,-46.05,39.2,40.26
76,Juneau,90,US,1608170952,100,58.3,-134.42,30.2,3.2
77,Klaksvík,100,FO,1608171136,87,62.23,-6.59,48.2,11.41
78,Killybegs,51,IE,1608171136,96,54.63,-8.45,45.0,5.99
79,Santa Maria,75,BR,1608171137,78,-29.68,-53.81,75.2,10.29
80,Berlevåg,100,NO,1608171137,89,70.86,29.09,25.07,11.59
81,La Concordia,3,NI,1608171137,93,13.2,-86.17,65.01,3.83
82,Port Blair,100,IN,1608170878,75,11.67,92.75,82.63,10.78
83,Punta Arenas,100,CL,1608171130,65,-53.15,-70.92,46.4,19.46
84,Isangel,10,VU,1608171137,64,-19.55,169.27,80.62,18.54
85,Kiruna,100,SE,1608171137,92,67.86,20.23,19.4,4.7
86,Kumul,0,CN,1608171137,73,42.8,93.45,14.86,2.86
87,Hobart,75,AU,1608171138,77,-42.88,147.33,60.8,9.17
88,Anchorage,90,US,1608170908,79,61.22,-149.9,26.6,4.7
89,Juye,0,CN,1608171138,65,35.39,116.09,36.46,6.4
90,Skanderborg,100,DK,1608171138,94,56.04,9.93,42.01,7.0
91,Padang,98,ID,1608171138,77,-0.95,100.35,78.76,2.86
92,Zaraza,76,VE,1608170942,86,9.35,-65.32,75.31,7.58
93,Beneditinos,0,BR,1608171138,74,-5.45,-42.37,82.4,6.93
94,Vestmannaeyjar,100,IS,1608171099,70,63.44,-20.27,40.66,9.57
95,Asău,100,RO,1608171139,100,46.43,26.4,32.0,1.74
96,Lorengau,100,PG,1608171123,67,-2.02,147.27,86.79,6.26
97,Popondetta,34,PG,1608171139,54,-8.75,148.25,91.27,5.91
98,San Patricio,1,US,1608171139,40,28.02,-97.52,51.8,5.82
99,Carnarvon,90,AU,1608171139,73,-24.87,113.63,75.2,24.16
100,Yuzawa,75,JP,1608171139,89,39.17,140.5,32.0,20.8
101,Tiarei,20,PF,1608171139,55,-17.53,-149.33,87.8,11.41
102,Mersing,40,MY,1608171140,100,2.43,103.84,75.2,4.7
103,Sørland,4,NO,1608171140,74,67.67,12.69,38.26,9.55
104,Qaanaaq,0,GL,1608171140,69,77.48,-69.36,0.72,7.36
105,Foumban,64,CM,1608171140,43,5.73,10.9,63.72,2.06
106,Guerrero Negro,0,MX,1608171140,57,27.98,-114.06,56.8,3.78
107,Aklavik,100,CA,1608171140,74,68.22,-135.01,-23.8,4.7
108,Saskylakh,62,RU,1608171140,82,71.92,114.08,-35.86,0.6
109,New Norfolk,100,AU,1608171140,89,-42.78,147.06,60.01,0.6
110,Portoferraio,59,IT,1608171141,98,42.81,10.31,57.0,5.01
111,Paamiut,66,GL,1608171141,77,61.99,-49.67,35.85,16.26
112,Khasan,0,RU,1608171141,74,42.43,130.64,21.31,20.11
113,Constitución,0,CL,1608171141,67,-35.33,-72.42,56.07,9.73
114,Shaowu,100,CN,1608171141,85,27.34,117.48,41.79,2.01
115,Muskegon,90,US,1608171141,68,43.3,-86.13,28.4,6.93
116,Tasiilaq,97,GL,1608171142,53,65.61,-37.64,24.8,20.8
117,Naco,0,MX,1608171142,32,31.33,-109.95,41.0,3.0
118,Alyangula,75,AU,1608171142,62,-13.85,136.42,87.8,5.82
119,Leningradskiy,100,RU,1608171142,94,69.38,178.42,14.97,28.14
120,Unity,0,CA,1608171142,96,52.45,-109.17,14.52,3.2
121,Schwarzenbach,90,DE,1608171142,93,49.73,12.0,37.4,3.36
122,Airai,30,TL,1608171142,89,-8.93,125.41,72.36,3.11
123,Dera Bugti,0,PK,1608171142,48,29.03,69.15,46.94,1.1
124,Cidreira,100,BR,1608171080,91,-30.18,-50.21,73.04,8.21
125,College,75,US,1608171093,49,64.86,-147.8,-0.4,10.29
126,Kapenguria,0,KE,1608171143,67,1.25,35.09,56.41,4.18
127,Dali,0,CN,1608171143,60,25.7,100.18,50.65,4.25
128,Waipawa,85,NZ,1608171110,87,-41.41,175.52,64.99,17.22
129,Yellowknife,20,CA,1608171094,65,62.46,-114.35,-40.0,8.05
130,Meulaboh,95,ID,1608171143,86,4.14,96.13,78.31,5.88
131,Dingli,0,MT,1608171144,93,35.86,14.38,55.99,6.93
132,Castro,100,BR,1608171015,95,-24.79,-50.01,65.28,3.94
133,Yamada,47,JP,1608171144,71,39.47,141.95,34.32,15.17
134,Strezhevoy,0,RU,1608171144,84,60.73,77.59,8.6,6.71
135,Bambous Virieux,75,MU,1608171086,94,-20.34,57.76,75.2,4.7
136,Arosa,89,CH,1608171144,92,46.78,9.68,39.99,3.36
137,Samarai,96,PG,1608171144,67,-10.62,150.67,83.26,4.16
138,São Filipe,100,CV,1608171145,73,14.9,-24.5,72.91,14.79
139,Campbellsville,90,US,1608171145,100,37.34,-85.34,35.6,6.93
140,Wanning,98,CN,1608171145,85,18.8,110.4,65.73,13.35
141,Probolinggo,92,ID,1608171145,67,-7.75,113.22,84.45,1.97
142,Port Alfred,1,ZA,1608171145,94,-33.59,26.89,64.99,5.01
143,Provideniya,90,RU,1608171145,85,64.38,-173.3,19.4,17.9
144,Hambantota,75,LK,1608171090,100,6.12,81.12,71.6,2.24
145,Macomb,90,US,1608171146,74,40.46,-90.67,28.99,5.82
146,Faanui,100,PF,1608171146,76,-16.48,-151.75,80.56,19.53
147,Wuwei,93,CN,1608171146,85,37.93,102.64,19.38,1.81
148,Eston,5,CA,1608171146,78,51.15,-108.75,19.0,6.93
149,Olafsvik,14,IS,1608171121,85,64.89,-23.71,35.58,23.0
150,Kirakira,28,SB,1608171147,71,-10.45,161.92,86.27,5.1
151,Mahébourg,75,MU,1608171147,94,-20.41,57.7,75.2,4.7
152,Ciudad Valles,73,MX,1608171147,54,21.98,-99.02,60.91,4.21
153,Kargasok,100,RU,1608171147,95,59.06,80.86,8.87,8.97
154,Waingapu,100,ID,1608171147,68,-9.66,120.26,85.32,5.17
155,Avarua,100,CK,1608171147,74,-21.21,-159.78,84.2,11.41
156,Fallon,75,US,1608170913,80,39.47,-118.78,41.0,6.93
157,Cape Canaveral,75,US,1608171148,88,28.41,-80.6,73.4,9.17
158,Port Elizabeth,20,ZA,1608171148,93,-33.92,25.57,64.4,13.87
159,Hirara,75,JP,1608171148,77,24.8,125.28,64.4,18.34
160,Saint Paul Harbor,90,US,1608170875,80,57.79,-152.41,30.2,3.24
161,Laas,5,IT,1608171148,85,46.62,10.7,35.01,1.97
162,Chadiza,100,ZM,1608171148,89,-14.07,32.44,68.09,2.93
163,Tabou,100,CI,1608171149,84,4.42,-7.35,79.14,7.27
164,Fenoarivo,40,MG,1608171149,88,-18.93,47.44,62.6,6.93
165,Kamaishi,75,JP,1608171149,92,39.27,141.88,21.2,2.24
166,Lebu,32,CL,1608171102,80,-37.62,-73.65,53.82,18.07
167,Yulara,8,AU,1608171149,33,-25.24,130.99,89.6,16.11
168,Bucerías,20,MX,1608171149,78,20.75,-105.33,73.4,6.93
169,Mossamedes,40,AO,1608171149,84,-15.2,12.15,65.1,3.74
170,El Paujíl,65,CO,1608171150,91,1.57,-75.33,72.43,3.4
171,Nanortalik,100,GL,1608171094,90,60.14,-45.24,28.44,7.81
172,Port Hardy,90,CA,1608171000,87,50.7,-127.42,46.4,13.87
173,Skibbereen,40,IE,1608171150,93,51.55,-9.27,41.0,10.29
174,Salamiyah,100,SY,1608171150,78,35.01,37.05,53.74,10.58
175,Saint Anthony,90,US,1608170961,58,45.02,-93.22,28.4,8.05
176,Faya,0,SA,1608171150,61,18.39,42.45,51.8,2.73
177,Verkhnyaya Inta,94,RU,1608171147,94,65.98,60.31,11.93,23.53
178,Songjianghe,0,CN,1608171151,72,42.19,127.48,9.64,7.58
179,Hopelchén,5,MX,1608171151,88,19.77,-89.85,77.0,6.93
180,Tromsø,75,NO,1608171151,86,69.65,18.96,28.4,11.41
181,Talcahuano,0,CL,1608171151,63,-36.72,-73.12,60.8,12.75
182,Crestview,90,US,1608170933,81,30.76,-86.57,50.0,9.17
183,Irituia,97,BR,1608171151,93,-1.77,-47.44,75.16,3.51
184,Deputatsky,100,RU,1608171152,91,69.3,139.9,-16.55,1.66
185,Gizo Government Station,76,SB,1608171152,72,-8.1,156.84,85.37,10.4
186,Luwuk,100,ID,1608171152,59,-0.95,122.79,88.12,0.76
187,Hobyo,0,SO,1608171152,77,5.35,48.53,76.66,15.99
188,Smirnykh,100,RU,1608171152,84,49.75,142.83,13.05,10.92
189,Georgiyevka,0,KZ,1608171152,83,43.04,74.71,-4.0,2.24
190,Jamestown,90,US,1608171153,92,42.1,-79.24,25.0,6.93
191,Nome,75,US,1608171153,78,64.5,-165.41,12.2,13.87
192,Burnie,72,AU,1608171153,87,-41.07,145.92,62.01,3.0
193,Kavieng,98,PG,1608171153,67,-2.57,150.8,85.69,6.78
194,Douglas,90,US,1608171153,79,41.3,-96.17,26.6,4.7
195,Dawei,4,MM,1608171105,62,14.08,98.2,81.97,5.19
196,Ziro,74,IN,1608171154,100,27.63,93.83,41.86,2.24
197,Belaya Gora,100,RU,1608171105,88,68.53,146.42,-17.75,4.32
198,Port Hawkesbury,90,CA,1608171154,79,45.62,-61.35,21.99,17.22
199,Truth or Consequences,1,US,1608171154,28,33.13,-107.25,44.6,2.13
200,Youkounkoun,18,GN,1608171154,25,12.53,-13.13,72.55,1.99
201,Praia da Vitória,20,PT,1608171154,77,38.73,-27.07,64.4,17.16
202,Lewisporte,90,CA,1608171154,79,49.25,-55.05,24.8,23.04
203,Esim,100,GH,1608171154,88,4.87,-2.24,78.03,6.91
204,San Jerónimo,100,PE,1608171155,70,-11.95,-75.28,51.8,4.25
205,Dikson,0,RU,1608171155,82,73.51,80.55,-30.84,16.13
206,Coyhaique,75,CL,1608171155,62,-45.58,-72.07,53.6,4.7
207,Sfântu Gheorghe,100,RO,1608171155,94,45.87,25.78,30.0,1.45
208,Balabac,100,PH,1608171155,79,7.99,117.06,82.44,16.02
209,Kavaratti,72,IN,1608171155,72,10.57,72.64,81.52,6.82
210,Wilson,90,US,1608171155,100,36.15,-86.28,37.99,4.7
211,Olinda,40,BR,1608170983,69,-8.01,-34.86,78.8,4.7
212,El Real de Santa Maria,93,PA,1608171156,93,8.11,-77.73,74.98,1.12
213,Morro Bay,87,US,1608171156,81,35.37,-120.85,55.0,1.99
214,Mountain Home,1,US,1608171018,100,43.13,-115.69,37.4,17.22
215,Egvekinot,79,RU,1608171156,90,66.32,-179.17,2.37,17.92
216,Nelson Bay,60,AU,1608171156,62,-32.72,152.15,88.0,6.93
217,Chimbote,100,PE,1608171156,82,-9.09,-78.58,69.06,6.98
218,Dunedin,75,NZ,1608170902,72,-45.87,170.5,52.0,8.01
219,Poum,98,NC,1608171157,64,-20.23,164.02,80.02,9.35
220,Kholodnyy,87,RU,1608171157,83,62.72,147.95,-24.34,3.47
221,La Reforma,0,MX,1608171157,95,18.1,-91.02,71.42,5.41
222,Barcelona,20,ES,1608171157,81,41.39,2.16,52.0,12.75
223,Kaitangata,7,NZ,1608171076,59,-46.28,169.85,57.0,8.99
224,Puerto Escondido,40,MX,1608171129,78,15.85,-97.07,77.0,3.36
225,Namtsy,90,RU,1608171157,56,62.72,129.67,-49.0,2.24
226,Coahuayana Viejo,5,MX,1608171158,83,18.73,-103.68,69.8,1.03
227,Kahului,40,US,1608171158,58,20.89,-156.47,82.4,20.8
228,Kruisfontein,15,ZA,1608171158,86,-34.0,24.73,64.0,1.01
229,Prieska,0,ZA,1608171158,20,-29.66,22.75,75.43,1.81
230,Broken Hill,17,AU,1608171158,37,-31.95,141.43,84.2,13.87
231,Hasaki,20,JP,1608171158,38,35.73,140.83,45.0,10.29
232,Badou,28,TG,1608171158,79,7.58,0.6,74.88,2.13
233,Aiquile,100,BO,1608171159,82,-18.2,-65.18,61.36,2.48
234,Presidencia Roque Sáenz Peña,0,AR,1608171159,71,-26.79,-60.44,77.0,1.01
235,Kjøllefjord,90,NO,1608171159,92,70.95,27.35,22.71,7.74
236,Margate,100,GB,1608171064,86,51.38,1.39,48.99,1.99
237,Mortka,100,RU,1608171159,97,59.33,66.02,19.08,9.4
238,Hilo,1,US,1608171159,65,19.73,-155.09,78.8,4.7
239,Gachsaran,75,IR,1608171159,87,30.36,50.8,50.0,4.7
240,Laguna,90,US,1608171160,71,38.42,-121.42,53.6,3.36
241,Pshekhskaya,90,RU,1608171160,97,44.7,39.8,32.0,4.47
242,Pilar,0,BR,1608171160,94,-9.6,-35.96,73.4,3.36
243,Iqaluit,75,CA,1608171082,65,63.75,-68.51,3.2,12.75
244,Husavik,90,IS,1608171160,90,66.04,-17.34,35.6,10.29
245,Grindavik,0,IS,1608171161,80,63.84,-22.43,35.6,10.29
246,San Cristobal,100,VE,1608171161,89,7.77,-72.22,64.8,1.34
247,Homer,75,US,1608171161,74,59.64,-151.55,33.8,4.7
248,Jaltocan,94,MX,1608171161,61,21.15,-98.53,59.74,2.8
249,Ponta Delgada,20,PT,1608171161,93,37.73,-25.67,62.6,20.8
250,Sitka,90,US,1608171161,75,57.05,-135.33,41.0,6.93
251,Bow Island,89,CA,1608171161,93,49.87,-111.37,32.0,8.05
252,Namatanai,99,PG,1608171093,69,-3.67,152.43,85.5,4.07
253,Milas,0,TR,1608171162,93,37.32,27.78,44.6,1.12
254,Narón,0,ES,1608171162,87,43.52,-8.15,52.0,5.82
255,Muros,58,ES,1608171162,92,42.78,-9.06,51.01,6.89
256,Bambanglipuro,2,ID,1608171162,77,-7.95,110.28,73.99,7.87
257,Fort Nelson,90,CA,1608171162,76,58.81,-122.7,-5.8,11.41
258,Río Esteban,40,HN,1608171162,88,15.83,-86.3,78.8,5.82
259,Vozhega,100,RU,1608171162,99,60.47,40.22,26.56,7.02
260,Liverpool,82,GB,1608170955,87,53.41,-2.98,45.0,12.75
261,Brooks,99,CA,1608171163,92,50.58,-111.89,26.01,6.93
262,Tura,0,IN,1608171075,55,25.52,90.22,62.98,1.63
263,Darhan,100,MN,1608171163,89,49.49,105.92,3.43,1.59
264,San Rafael,0,AR,1608171163,20,-34.62,-68.33,78.91,10.2
265,Wajima,20,JP,1608171163,73,37.4,136.9,32.0,6.93
266,Bud,90,US,1608171164,86,39.45,-86.18,28.99,3.36
267,Geraldton,0,AU,1608171164,47,-28.77,114.6,78.8,16.11
268,Norman Wells,40,CA,1608171124,74,65.28,-126.83,-27.4,3.36
269,Vitim,100,RU,1608171164,86,59.45,112.56,-12.96,10.63
270,Tegal,65,ID,1608171164,68,-6.87,109.14,83.7,3.67
271,Tautira,20,PF,1608171164,55,-17.73,-149.15,87.8,11.41
272,Tongren,100,CN,1608171164,68,27.72,109.19,38.46,4.38
273,Kokoda,79,PG,1608171165,64,-8.88,147.74,85.37,2.39
274,Jati,0,PK,1608171165,42,24.35,68.27,50.83,11.61
275,Damaturu,62,NG,1608171165,25,11.75,11.96,67.08,8.14
276,Katherine,90,AU,1608171165,70,-14.47,132.27,86.0,10.29
277,Seoul,1,KR,1608170877,48,37.57,126.98,23.0,1.14
278,Vila Franca do Campo,20,PT,1608171165,93,37.72,-25.43,62.6,20.8
279,Jalu,8,LY,1608171165,83,29.03,21.55,52.16,4.9
280,Saint-Augustin,100,CA,1608171165,90,51.23,-58.65,16.81,24.27
281,Nexø,96,DK,1608171165,87,55.06,15.13,44.6,17.22
282,Ilulissat,42,GL,1608171146,52,69.22,-51.1,17.6,1.12
283,Puerto Maldonado,100,PE,1608171166,94,-12.6,-69.18,74.08,0.98
284,Alice Springs,0,AU,1608171166,20,-23.7,133.88,100.99,14.99
285,Anadyr,40,RU,1608170883,78,64.75,177.48,17.6,26.84
286,Farah,0,AF,1608171166,68,32.5,62.5,33.49,1.21
287,Dodge City,1,US,1608171020,69,37.75,-100.02,33.8,12.75
288,Te Anau,87,NZ,1608171167,70,-45.42,167.72,61.27,1.16
289,Sur,29,OM,1608171167,55,22.57,59.53,67.01,5.91
290,Oak Park,90,US,1608171167,69,41.88,-87.78,34.0,6.93
291,Duliāgaon,40,IN,1608171167,93,27.37,95.32,57.2,1.45
292,Bustuchin,100,RO,1608171167,88,44.97,23.73,37.22,1.59
293,Sandviken,100,SE,1608171167,97,60.62,16.77,32.0,3.0
294,Siloam Springs,90,US,1608171167,86,36.19,-94.54,30.2,3.36
295,Fortuna,90,US,1608171167,93,40.6,-124.16,55.99,13.87
296,Bathsheba,40,BB,1608171168,74,13.22,-59.52,80.6,16.11
297,Half Moon Bay,90,US,1608171168,87,37.46,-122.43,55.99,5.82
298,Krasnoarmeysk,9,RU,1608171168,82,51.02,45.7,21.0,1.99
299,Camacha,40,PT,1608171168,67,33.08,-16.33,59.0,5.82
300,Veinticinco de Mayo,0,AR,1608171168,46,-35.43,-60.17,70.0,8.41
301,Mbandaka,85,CD,1608171168,88,0.05,18.26,73.8,3.04
302,Ranong,40,TH,1608171169,94,9.97,98.63,78.8,4.43
303,Krasnosel'kup,100,RU,1608171169,92,65.7,82.47,-2.52,16.42
304,Santa Cruz de Tenerife,90,ES,1608171074,93,28.47,-16.25,66.0,20.8
305,Ulaanbaatar,20,MN,1608170942,75,47.91,106.88,-16.6,2.24
306,Morgan City,90,US,1608171169,75,29.7,-91.21,44.6,9.17
307,Gaogou,0,CN,1608171169,63,34.02,119.19,36.97,2.35
308,Luganville,40,VU,1608171169,79,-15.53,167.17,84.2,8.05
309,Lufilufi,75,WS,1608171169,79,-13.87,-171.6,84.2,17.22
310,Coquimbo,76,CL,1608171170,86,-29.95,-71.34,56.55,2.86
311,Nemuro,75,JP,1608171170,49,43.32,145.57,24.8,12.75
312,Karratha,0,AU,1608171170,54,-20.74,116.85,88.18,7.2
313,Ostrovnoy,90,RU,1608171074,93,68.05,39.51,27.37,13.69
314,Tual,66,ID,1608171064,75,-5.67,132.75,85.19,18.23
315,Ambon City,40,ID,1608171044,66,-3.7,128.18,87.8,11.41
316,Kastornoye,100,RU,1608171170,98,51.83,38.13,22.23,7.63
317,Grenville,20,GD,1608171170,83,12.12,-61.62,78.8,6.93
318,Borogontsy,100,RU,1608171170,80,62.67,131.17,-41.98,1.05
319,Yangambi,24,CD,1608171171,85,0.81,24.43,71.1,1.14
320,Bandarbeyla,5,SO,1608171118,75,9.49,50.81,73.78,17.96
321,Solnechnyy,95,RU,1608171171,81,50.72,136.63,-0.89,3.02
322,Nongstoin,0,IN,1608171171,57,25.52,91.27,53.31,1.14
323,Aripuanã,91,BR,1608171171,96,-9.17,-60.63,73.85,1.92
324,Martapura,40,ID,1608171171,83,-3.42,114.85,80.6,6.93
325,Lavaca,1,US,1608171171,65,28.61,-96.63,44.6,5.82
326,Comodoro Rivadavia,0,AR,1608171156,33,-45.87,-67.5,73.4,9.17
327,Batemans Bay,43,AU,1608171172,64,-35.72,150.18,81.0,5.01
328,Ascension,90,US,1608171172,70,30.22,-90.9,44.6,6.93
329,Jiamusi,0,CN,1608171172,87,46.83,130.35,-0.87,9.8
330,Bontang,100,ID,1608171172,80,0.13,117.5,78.76,7.94
331,Hammerfest,0,NO,1608171172,67,70.66,23.68,19.4,10.29
332,Muncar,13,ID,1608171173,68,-8.43,114.33,84.72,6.53
333,Cabo San Lucas,5,MX,1608170888,52,22.89,-109.91,69.8,5.82
334,Simbahan,69,PH,1608171173,78,6.3,120.58,83.35,16.08
335,Vao,44,NC,1608171173,71,-22.67,167.48,76.41,18.97
336,Severnoye,100,RU,1608171173,95,56.35,78.36,11.39,13.09
337,Tanout,0,NE,1608171174,28,14.97,8.89,62.49,9.48
338,Makakilo City,75,US,1608171138,54,21.35,-158.09,84.2,6.93
339,Cabedelo,40,BR,1608171174,83,-6.98,-34.83,78.8,6.93
340,Takoradze,100,GH,1608171174,87,4.88,-1.76,78.19,7.34
341,Conde,40,BR,1608171174,83,-7.26,-34.91,78.8,6.93
342,Manali,90,IN,1608171174,94,13.17,80.27,78.8,11.95
343,Synya,100,RU,1608171174,95,65.37,58.04,11.86,9.46
344,Sechura,98,PE,1608171109,72,-5.56,-80.82,71.69,12.73
345,Tezu,83,IN,1608171175,37,27.92,96.17,64.89,0.22
346,Dauphin,1,CA,1608171175,95,51.15,-100.05,17.6,14.99
347,Henties Bay,1,NA,1608171144,90,-22.12,14.28,62.01,1.99
348,Balkanabat,100,TM,1608171175,55,39.51,54.37,44.22,6.87
349,Salinópolis,84,BR,1608171056,78,-0.61,-47.36,80.82,10.8
350,Samaná,11,DO,1608171175,89,19.21,-69.34,74.19,5.84
351,Sabzawār,92,IR,1608171088,69,36.21,57.68,38.71,0.98
352,Saldanha,51,ZA,1608171176,87,-33.01,17.94,59.0,10.29
353,Kalianget,100,ID,1608171176,78,-7.05,113.93,80.96,4.34
354,Maham,0,IN,1608171176,56,28.98,76.3,45.54,7.56
355,Rancho Palos Verdes,5,US,1608171111,47,33.74,-118.39,60.01,9.17
356,Vardø,99,NO,1608171176,88,70.37,31.11,27.21,15.88
357,Corinth,44,GR,1608171176,71,37.94,22.96,54.0,1.99
358,Dunwoody,90,US,1608171056,93,33.95,-84.33,42.01,4.7
359,Pisco,0,PE,1608171177,82,-13.7,-76.22,68.0,10.29
360,Shenjiamen,89,CN,1608170906,62,29.96,122.3,47.44,12.03
361,Kupang,75,ID,1608171177,79,-10.17,123.58,84.2,11.41
362,Arlit,0,NE,1608171177,25,18.74,7.39,65.89,7.94
363,Roald,100,NO,1608171177,70,62.58,6.13,44.6,5.82
364,Yarmouth,90,US,1608171178,59,41.71,-70.23,33.8,8.05
365,Uyuni,0,BO,1608171178,35,-20.46,-66.83,55.76,9.75
366,Sekoma,91,BW,1608171178,73,-24.4,23.88,68.59,13.31
367,Lagoa,100,PT,1608171178,89,39.05,-27.98,63.52,29.24
368,Lakes Entrance,6,AU,1608171178,78,-37.88,147.98,75.0,5.01
369,Road Town,40,VG,1608171178,78,18.42,-64.62,78.8,5.82
370,Klaeng,56,TH,1608171179,95,12.78,101.65,82.0,7.16
371,Torbay,90,CA,1608171095,68,47.67,-52.73,27.0,39.15
372,Marsh Harbour,100,BS,1608171179,82,26.54,-77.06,76.41,12.39
373,Ningbo,0,CN,1608171179,56,29.88,121.55,46.99,6.71
374,Udachny,90,RU,1608171179,66,66.42,112.4,-31.0,2.24
375,Huadian,0,CN,1608171179,79,42.96,126.75,11.98,9.86
376,Shiyan,88,CN,1608171179,61,32.65,110.78,39.76,1.28
377,Pingliang,100,CN,1608171180,87,35.54,106.69,23.41,7.81
378,Auki,8,SB,1608171082,64,-8.77,160.7,87.35,8.23
379,Jamūī,0,IN,1608170947,67,24.92,86.22,62.04,6.91
380,Jämsä,75,FI,1608171180,96,61.86,25.19,32.0,11.41
381,Talnakh,75,RU,1608171180,83,69.49,88.4,-9.4,11.18
382,Torbat-e Jām,100,IR,1608171180,73,35.24,60.62,36.25,2.89
383,Zhuhai,40,CN,1608171181,71,22.28,113.57,53.6,18.34
384,Clyde River,1,CA,1608171181,83,70.47,-68.59,-7.6,2.24
385,Katsuura,0,JP,1608171103,21,35.13,140.3,48.99,3.0
386,Mūdbidri,1,IN,1608171182,83,13.08,74.98,75.2,4.7
387,Bushehr,20,IR,1608171182,55,28.97,50.84,66.2,9.17
388,Taft,20,IR,1608171182,69,31.75,54.21,35.6,2.24
389,Kawambwa,94,ZM,1608171183,91,-9.79,29.08,62.49,2.39
390,Lahaina,40,US,1608171183,61,20.88,-156.68,82.4,16.11
391,Dongsheng,100,CN,1608171183,84,39.82,109.98,11.32,9.33
392,Avera,40,US,1608171183,95,33.19,-82.53,39.2,3.44
393,Tete,40,MZ,1608171183,88,-16.16,33.59,77.0,3.36
394,Patu,48,BR,1608171184,63,-6.11,-37.64,80.19,12.48
395,Elko,1,US,1608171184,69,41.0,-115.5,35.6,5.82
396,Pucallpa,100,PE,1608171184,95,-8.38,-74.55,74.48,0.72
397,Flinders,94,AU,1608171184,80,-34.58,150.86,79.0,14.0
398,Richards Bay,65,ZA,1608171000,85,-28.78,32.04,67.03,4.29
399,Port Hedland,0,AU,1608171184,63,-20.32,118.57,91.4,11.41
400,Hamilton,90,US,1608170980,96,39.18,-84.53,33.01,8.05
401,Sukhothai,0,TH,1608171185,88,17.25,99.67,82.0,2.24
402,Cockburn Town,40,TC,1608171033,73,21.46,-71.14,77.0,6.93
403,Ţahţā,0,EG,1608171185,71,26.77,31.5,53.6,5.82
404,Şugag,75,RO,1608171185,78,45.77,23.63,32.0,3.36
405,Petrovskoye,100,RU,1608171185,98,57.01,39.27,29.89,12.41
406,Kashgar,90,CN,1608171186,100,39.45,75.98,23.0,4.47
407,Mazamari,100,PE,1608171186,74,-11.33,-74.53,70.52,1.61
408,Yerbogachën,100,RU,1608171186,87,61.28,108.01,-8.45,10.02
409,Mujiayingzi,0,CN,1608171186,88,42.12,118.78,9.45,6.98
410,Yining,91,CN,1608171186,63,29.04,114.56,40.75,2.17
411,Abhā,0,SA,1608171186,61,18.22,42.51,51.8,2.46
412,Ucluelet,90,CA,1608171186,87,48.93,-125.55,46.99,12.75
413,Pangnirtung,98,CA,1608171186,83,66.15,-65.71,-7.38,3.69
414,Escanaba,90,US,1608171187,74,45.75,-87.06,30.99,8.05
415,Bokoro,0,TD,1608171187,25,12.38,17.06,67.6,8.63
416,Fairbanks,75,US,1608170948,49,64.84,-147.72,-0.4,3.36
417,Téra,27,NE,1608171187,21,14.01,0.75,73.06,6.69
418,Hedaru,55,TZ,1608171187,89,-4.5,37.9,70.66,3.11
419,Kabare,36,CD,1608171187,83,-2.47,28.82,60.3,0.51
420,Sittwe,0,MM,1608171007,55,20.15,92.9,72.37,6.24
421,Woodland,75,US,1608171188,81,38.68,-121.77,52.0,4.7
422,Grand Gaube,11,MU,1608171188,86,-20.01,57.66,75.0,5.01
423,Kiryat Gat,9,IL,1608171188,100,31.61,34.76,55.99,1.01
424,Tuy Hoa,92,VN,1608170938,89,13.08,109.3,75.06,17.45
425,Aswān,98,EG,1608171188,69,24.09,32.91,55.4,7.81
426,Chiguayante,0,CL,1608171188,63,-36.92,-73.02,60.8,12.75
427,Baruun-Urt,100,MN,1608171188,87,46.68,113.28,4.14,6.35
428,São Miguel do Araguaia,98,BR,1608171189,55,-13.28,-50.16,80.71,1.81
429,Palmer,90,US,1608171048,49,42.16,-72.33,24.01,10.29
430,Port-Gentil,100,GA,1608171189,83,-0.72,8.78,79.18,14.34
431,Lyuban',92,BY,1608171189,97,52.8,28.0,32.61,4.76
432,Najrān,0,SA,1608171189,39,17.49,44.13,48.2,4.7
433,Vostok,100,RU,1608171120,88,46.49,135.88,-7.44,5.14
434,Caucaia,40,BR,1608171189,83,-3.74,-38.65,81.0,9.17
435,Nakusp,100,CA,1608171190,93,50.25,-117.8,35.6,2.24
436,Khāsh,0,IR,1608171190,59,28.22,61.22,38.59,1.16
437,Nikki,0,BJ,1608171190,23,9.94,3.21,70.66,4.7
438,Camaçari,75,BR,1608171190,78,-12.7,-38.32,80.6,5.82
439,Stephenville,1,US,1608171190,64,32.22,-98.2,39.2,3.36
440,Ocean City,90,US,1608171076,93,39.28,-74.57,48.0,26.4
441,São Félix do Xingu,94,BR,1608171191,82,-6.64,-51.99,74.41,2.13
442,Northam,0,GB,1608171191,94,51.03,-4.22,46.0,5.01
443,Shubarshi,100,KZ,1608171135,95,48.59,57.19,17.82,11.56
444,Butte,90,US,1608171191,87,39.65,-121.57,48.99,5.82
445,Umm Kaddadah,0,SD,1608171191,33,13.6,26.69,60.85,19.33
446,Sioux Lookout,90,CA,1608171109,73,50.1,-91.92,21.2,8.05
447,Tabas,61,IR,1608171191,52,33.6,56.92,41.0,2.24
448,Zhangjiakou Shi Xuanhua Qu,0,CN,1608171191,76,40.61,115.04,16.36,4.41
449,Atocha,63,BO,1608171192,65,-20.93,-66.23,50.02,14.74
450,Sibolga,98,ID,1608171192,80,1.74,98.78,79.03,1.43
451,Yenagoa,100,NG,1608171192,94,4.92,6.26,75.96,3.36
452,Walvis Bay,0,NA,1608171192,87,-22.96,14.51,62.01,3.36
453,Gorontalo,100,ID,1608170902,82,0.54,123.06,79.68,4.07
454,Ukiah,90,US,1608171192,87,39.15,-123.21,51.8,6.93
455,Boussé,0,BF,1608171192,27,12.66,-1.89,78.8,5.82
456,Eureka,100,US,1608170957,95,40.8,-124.16,55.99,5.01
457,Joshīmath,0,IN,1608171193,40,30.57,79.57,32.09,6.78
458,Date,100,JP,1608171193,92,42.47,140.87,25.16,28.39
459,Alofi,75,NU,1608171193,74,-19.06,-169.92,82.4,10.29
460,Huarmey,100,PE,1608171193,85,-10.07,-78.15,68.4,6.42
461,Eyl,0,SO,1608171193,67,7.98,49.82,72.43,12.48
462,Fukuechō,75,JP,1608170982,60,32.69,128.84,41.0,11.41
463,Turukhansk,100,RU,1608171193,90,65.82,87.98,-7.91,15.17
464,Hay River,100,CA,1608171193,68,60.82,-115.8,-18.4,5.82
465,Sakakah,0,SA,1608171194,61,29.97,40.21,48.2,5.82
466,Zhicheng,96,CN,1608171194,67,30.3,111.5,41.0,2.57
467,Mackenzie,90,CA,1608171194,96,55.3,-123.17,33.8,5.82
468,Tiksi,100,RU,1608171194,90,71.69,128.87,-13.86,2.68
469,Chumikan,100,RU,1608171194,80,54.72,135.31,-9.26,24.56
470,Vestmanna,100,FO,1608171079,87,62.16,-7.17,48.2,11.41
471,Manzhouli,0,CN,1608171194,84,49.6,117.43,2.53,21.99
472,Shizunai-furukawachō,100,JP,1608171179,87,42.33,142.37,27.36,24.45
473,Inírida,62,CO,1608171195,92,3.87,-67.92,74.84,1.86
474,Zharkent,0,KZ,1608171195,77,44.16,80.0,7.99,1.43
475,Miles City,1,US,1608171195,93,46.41,-105.84,32.0,9.17
476,Souillac,75,MU,1608171079,94,-20.52,57.52,75.2,4.7
477,Taylor,0,US,1608171195,35,32.3,-99.83,42.8,4.7
478,Turaif,75,SA,1608171195,100,31.67,38.66,50.0,8.05
479,Bengkulu,50,ID,1608171036,74,-3.8,102.27,81.27,10.51
480,Altinópolis,0,BR,1608171196,83,-21.03,-47.37,77.0,3.36
481,Ōhara,20,JP,1608171196,38,35.25,140.38,44.01,10.29
482,Mityana,23,UG,1608171196,89,0.42,32.02,61.63,1.83
483,Cacequi,0,BR,1608171196,92,-29.88,-54.83,69.3,12.03
484,Teya,100,RU,1608171196,89,60.38,92.63,-0.18,6.55
485,Antofagasta,40,CL,1608171196,82,-23.65,-70.4,64.4,12.75
486,Nyurba,100,RU,1608171078,85,63.28,118.33,-25.96,4.5
487,Shuyskoye,100,RU,1608171196,98,59.37,41.03,26.87,8.52
488,Los Llanos de Aridane,0,ES,1608171197,77,28.66,-17.92,68.0,13.87
489,Norrtälje,100,SE,1608171197,91,59.76,18.7,44.01,10.0
490,North Bend,90,US,1608171197,93,43.41,-124.22,54.0,13.87
491,Bamako,0,ML,1608171197,53,12.65,-8.0,73.4,4.7
492,Otradnoye,90,RU,1608171197,94,59.78,30.82,37.4,20.13
493,Riyadh,0,SA,1608171146,41,24.69,46.72,59.0,6.93
494,Ondjiva,54,AO,1608171198,48,-17.07,15.73,71.51,6.35
495,Oyama,20,JP,1608171198,38,36.3,139.8,45.0,9.17
496,Taree,75,AU,1608171198,74,-31.9,152.47,80.6,13.87
497,Bacolod City,36,PH,1608171198,69,10.67,122.95,84.42,13.56
498,Boende,66,CD,1608171198,83,-0.22,20.87,74.43,1.03
499,Charters Towers,100,AU,1608171130,37,-20.1,146.27,94.42,2.35
500,Zhangye,20,CN,1608171198,83,38.93,100.45,16.05,2.33
501,Kostanay,0,KZ,1608171199,72,53.17,63.58,12.2,11.18
502,Gympie,15,AU,1608170916,95,-26.19,152.66,73.99,1.99
503,Yerofey Pavlovich,100,RU,1608171199,85,53.97,121.97,-3.91,3.67
504,Razgrad,76,BG,1608171199,91,43.53,26.52,34.16,2.68
505,Gravdal,1,NO,1608171199,81,68.12,13.5,35.92,8.37
506,Aba,94,NG,1608171199,90,5.11,7.37,75.97,3.8
507,Batagay,32,RU,1608171199,78,67.63,134.63,-39.17,0.65
508,Garden City,90,US,1608171199,79,42.33,-83.33,28.4,13.87
509,Ancud,0,CL,1608171200,70,-41.87,-73.82,50.0,5.82
510,Biak,100,ID,1608171200,66,-0.91,122.88,85.03,1.36
511,Shahrud,84,IR,1608171200,81,36.42,54.98,34.88,3.87
512,Sinsheim,92,DE,1608171200,94,49.25,8.88,42.01,1.99
513,Chara,100,RU,1608171200,75,56.91,118.26,-12.48,4.41
514,Tema,0,GH,1608171200,88,5.67,-0.02,80.6,8.05
515,Bollnäs,64,SE,1608170973,95,61.35,16.39,30.72,1.03
516,Genhe,100,CN,1608171201,87,50.78,121.52,-10.55,2.86
517,Akureyri,90,IS,1608171201,90,65.68,-18.09,35.6,10.29
518,Dubbo,40,AU,1608171060,48,-32.25,148.62,87.8,9.17
519,São João da Barra,16,BR,1608171201,85,-21.64,-41.05,76.26,22.62
520,Mnogovershinnyy,59,RU,1608171202,91,53.94,139.92,-7.64,7.85
521,Beni Suef,0,EG,1608171202,92,29.07,31.1,50.88,2.42
522,Makat,100,KZ,1608171202,86,47.65,53.35,29.62,15.77
523,Daru,91,PG,1608171202,67,-9.08,143.21,86.45,6.53
524,Zhalantun,6,CN,1608171202,78,48.0,122.72,11.12,22.77
525,Abbeville,100,FR,1608171202,74,50.1,1.83,48.0,9.08
526,Lengshuijiang,100,CN,1608171203,72,27.69,111.43,37.85,1.83
527,Maragogi,9,BR,1608171133,82,-9.01,-35.22,77.34,8.1
528,Parit Raja,20,MY,1608171203,94,1.87,103.11,77.0,2.24
529,Yangi Marg`ilon,0,UZ,1608171203,79,40.43,71.72,21.2,6.93
530,Inongo,81,CD,1608171204,94,-1.95,18.27,71.49,4.34
531,North Myrtle Beach,90,US,1608171204,100,33.82,-78.68,44.6,6.93
532,Saint-Joseph,40,RE,1608171204,69,-21.37,55.62,75.2,6.93
533,Vallenar,0,CL,1608171205,68,-28.57,-70.76,62.31,0.94
534,Makkah al Mukarramah,21,SA,1608171017,59,21.43,39.83,70.16,6.44
535,Athabasca,100,CA,1608171205,84,54.72,-113.29,10.4,5.82
536,Banda Aceh,99,ID,1608170982,78,5.56,95.32,79.99,8.19
537,Abu Samrah,99,SY,1608171205,79,35.3,37.18,53.64,14.14
538,Mocuba,100,MZ,1608171205,96,-16.84,36.99,73.42,0.92
539,Omboué,100,GA,1608171206,89,-1.57,9.26,76.23,6.89
540,Sayyan,0,YE,1608171206,60,15.17,44.32,40.32,2.06
541,Inhambane,100,MZ,1608171206,80,-23.86,35.38,76.01,4.16
542,Hurghada,0,EG,1608171206,59,27.26,33.81,60.8,11.41
543,Alindao,96,CF,1608171206,35,5.03,21.21,70.7,4.25
544,Vanimo,100,PG,1608171207,84,-2.67,141.3,79.32,5.48
545,Lázaro Cárdenas,1,MX,1608171115,78,17.96,-102.2,74.44,2.26
546,Terrace,90,CA,1608171017,84,54.52,-128.6,32.0,2.24
547,Cuamba,96,MZ,1608171207,92,-14.8,36.54,69.64,2.98
548,Correntina,91,BR,1608171207,71,-13.34,-44.64,71.98,3.71
549,Berdigestyakh,100,RU,1608171207,84,62.1,126.7,-28.66,3.98
550,Araouane,24,ML,1608171207,23,18.9,-3.53,71.37,9.69
551,Almaznyy,75,RU,1608171208,86,48.04,40.05,30.2,6.71
552,Aksu,100,CN,1608171208,97,41.12,80.26,20.53,2.24
553,Rognan,0,NO,1608171208,55,67.1,15.39,35.6,20.8
554,Tsalka,90,GE,1608171208,90,41.59,44.09,33.6,3.71
555,Granja,42,BR,1608171208,80,-3.12,-40.83,77.67,4.74
556,Port-Cartier,0,CA,1608171208,65,50.03,-66.87,5.0,13.87
557,Piterka,6,RU,1608171209,94,50.68,47.45,17.08,1.99
558,Lachi,0,PK,1608171209,52,33.38,71.34,42.87,1.57
559,Melville,90,US,1608171209,86,40.79,-73.42,30.99,16.11
560,Nuuk,5,GL,1608171209,79,64.18,-51.72,23.0,11.41
561,Kharakvasla,0,IN,1608171209,65,18.43,73.77,65.57,4.05
562,El Dorado,100,US,1608171209,89,38.77,-120.52,46.0,3.89
563,Jasper,90,US,1608171209,80,37.2,-94.35,30.99,6.51
